{"Mods":[{"Author":"Goonsack","Name":"Goon's Gear & Throwing Overhaul","Folder":"Goon_Gear_Throwing_Overhaul","Version":"37295453741514768","Description":"A sweeping overhaul to all items, both bug fixes and redesigns. An exhaustive effort to address the lack of consistency with throwing functionality, and more.","UUID":"30d3cc83-87a9-4efc-8b32-885c10f82132","Created":"2025-12-19T02:03:48.6450981+11:00","Dependencies":[],"Group":"406b6dc5-9f82-4c74-9b28-3aec88dfa480"}],"MD5":"a32f96b9f70410fb9f55bab18a8951c5"}