{"Mods":[{"Author":"Goonsack","Name":"Goon's Gear & Throwing Overhaul","Folder":"Goon_Gear_Throwing_Overhaul","Version":"37295453741514770","Description":"A sweeping overhaul to all items, both bug fixes and redesigns. An exhaustive effort to address the lack of consistency with throwing functionality, and more.","UUID":"30d3cc83-87a9-4efc-8b32-885c10f82132","Created":"2025-12-23T17:54:51.2042555+11:00","Dependencies":[],"Group":"b48b8a2b-20ff-4c6c-a023-54991368088e"}],"MD5":"457a42b8b2c9b0d6c3d6b7ae658723ca"}