{"Mods":[{"Author":"Goonsack","Name":"Goon's Gear & Throwing Overhaul","Folder":"Goon_Gear_Throwing_Overhaul","Version":"37295453741514769","Description":"A sweeping overhaul to all items, both bug fixes and redesigns. An exhaustive effort to address the lack of consistency with throwing functionality, and more.","UUID":"30d3cc83-87a9-4efc-8b32-885c10f82132","Created":"2025-12-21T23:30:42.1191609+11:00","Dependencies":[],"Group":"e9235eaa-f7e4-409f-85d3-6ce7875afa4b"}],"MD5":"99f1065e8ccefc65a1caed28801d8dd4"}